CustomerID,OrderID,ProductInformation,TransactionAmount,PurchaseDate,Location
8814,890075,Product C,943.31,4/11/2023,Tokyo
2188,176819,Product A,463.7,4/11/2023,London
4608,340062,Product A,80.28,4/11/2023,New York
2559,239145,Product A,221.29,4/11/2023,London
9482,194545,Product A,739.56,4/11/2023,Paris
8483,691194,Product C,375.23,4/11/2023,Paris
8317,826847,Product B,272.56,4/11/2023,New York
6911,963918,Product C,433.33,4/11/2023,Tokyo
8993,112426,Product D,16.55,4/12/2023,New York
3519,139726,Product C,464.63,4/12/2023,New York
9005,972064,Product C,120.75,4/12/2023,Paris
9409,597126,Product A,865.98,4/12/2023,London
5670,995296,Product B,392.7,4/12/2023,London
8724,739717,Product C,623.35,4/12/2023,London
9148,629996,Product D,99.15,4/12/2023,Tokyo
5837,387813,Product D,978.17,4/12/2023,New York
2767,342397,Product D,299.57,4/12/2023,Tokyo
2824,334053,Product B,744.13,4/12/2023,London
9128,281201,Product D,388.9,4/12/2023,Paris
1520,629903,Product B,102.76,4/12/2023,New York
8719,313701,Product B,338.56,4/12/2023,Paris
8529,562721,Product B,132.99,4/12/2023,Tokyo
8705,466960,Product A,751.53,4/12/2023,London
6347,614435,Product D,637.78,4/12/2023,London
4161,859587,Product C,692.36,4/12/2023,London
2228,777366,Product B,997.19,4/12/2023,Tokyo
6638,812597,Product C,417.64,4/12/2023,London
5533,768061,Product B,13.51,4/13/2023,Paris
9871,750817,Product C,849.53,4/13/2023,Paris
9864,761820,Product B,621.28,4/13/2023,Paris
1146,821846,Product D,585.27,4/13/2023,London
9115,205239,Product C,134.98,4/13/2023,Tokyo
5494,831295,Product C,974.55,4/13/2023,London
4190,745073,Product B,786.12,4/13/2023,London
5583,564920,Product B,693.38,4/13/2023,Tokyo
2617,789880,Product D,575.3,4/13/2023,Tokyo
6878,343007,Product D,226.63,4/13/2023,New York
5349,462479,Product D,117.32,4/13/2023,Paris
5173,645175,Product A,711.7,4/13/2023,London
8216,309385,Product B,924.97,4/13/2023,Paris
4302,430926,Product A,793.2,4/13/2023,Paris
5087,838862,Product C,461.88,4/13/2023,London
2524,834891,Product D,922.06,4/13/2023,Paris
2741,247271,Product D,897.91,4/13/2023,Tokyo
2139,183667,Product C,664.65,4/13/2023,London
5919,123682,Product A,812.08,4/13/2023,Paris
7781,877259,Product B,566.9,4/13/2023,London
9584,957730,Product A,840.68,4/13/2023,New York
2848,744793,Product D,811.38,4/13/2023,New York
1742,943019,Product C,145.67,4/13/2023,Tokyo
3676,599687,Product C,223.31,4/14/2023,New York
9120,923975,Product D,972.57,4/14/2023,Paris
3573,299212,Product B,110.25,4/14/2023,Tokyo
2169,723948,Product C,174.26,4/14/2023,Paris
4401,785010,Product A,192.99,4/14/2023,Paris
8552,961599,Product D,176.31,4/14/2023,Tokyo
4909,221620,Product D,252.03,4/14/2023,Tokyo
9985,649435,Product D,36.1,4/14/2023,New York
7770,752878,Product C,195.71,4/14/2023,Tokyo
7797,347231,Product C,402.49,4/14/2023,Tokyo
3406,641737,Product B,174.68,4/14/2023,Tokyo
1323,565897,Product D,692.85,4/14/2023,Tokyo
2200,685193,Product C,186.21,4/14/2023,New York
5557,522866,Product D,511.86,4/14/2023,London
1616,180458,Product C,375.05,4/14/2023,New York
5347,651640,Product D,135.49,4/14/2023,New York
4923,189814,Product A,248.46,4/14/2023,Tokyo
1936,159642,Product B,588.34,4/14/2023,New York
3340,739966,Product A,535.2,4/15/2023,London
7461,556112,Product A,595.98,4/15/2023,London
5224,809794,Product B,388.85,4/15/2023,London
7429,301528,Product B,547.76,4/15/2023,Paris
2444,183927,Product C,270.46,4/15/2023,New York
3709,352593,Product C,753.92,4/15/2023,Paris
1753,112960,Product C,269,4/15/2023,London
8770,197758,Product A,100.31,4/15/2023,Tokyo
6482,397949,Product D,336.39,4/15/2023,Paris
3538,632351,Product A,302.83,4/15/2023,New York
1136,795186,Product C,394.76,4/15/2023,Paris
2832,672092,Product B,945.6,4/15/2023,New York
6201,293079,Product A,561.77,4/15/2023,Paris
4044,523389,Product B,599.08,4/15/2023,New York
3153,883790,Product C,910.53,4/16/2023,Tokyo
1502,494468,Product B,748.65,4/16/2023,Tokyo
9584,882033,Product C,401.81,4/16/2023,Paris
7955,671971,Product B,436.3,4/16/2023,Paris
8292,800280,Product C,812.41,4/16/2023,Paris
9740,720556,Product B,507.55,4/16/2023,London
1464,782759,Product C,55.01,4/16/2023,London
4814,327738,Product D,159.18,4/16/2023,Paris
9008,947975,Product D,899.9,4/16/2023,New York
6077,947312,Product B,516.19,4/16/2023,London
4559,888996,Product B,897.63,4/16/2023,New York
5102,154302,Product B,378.13,4/16/2023,Tokyo
3807,776234,Product D,504.86,4/16/2023,Paris
8239,356600,Product A,605.2,4/16/2023,Paris
8449,853270,Product B,257.58,4/16/2023,New York
3110,228479,Product C,906.03,4/16/2023,New York
4271,769191,Product B,35.48,4/17/2023,Paris
9042,592198,Product C,873.99,4/17/2023,Tokyo
7224,733052,Product C,365.39,4/17/2023,Paris
2902,507524,Product B,242.45,4/17/2023,Tokyo
1803,269172,Product B,422.79,4/17/2023,Paris
7965,412170,Product B,738.63,4/17/2023,New York
4871,281926,Product B,154.98,4/17/2023,London
8909,221707,Product A,302.48,4/17/2023,London
6262,421384,Product C,89.27,4/17/2023,Tokyo
1879,457137,Product A,442.72,4/17/2023,Tokyo
3937,352674,Product B,918.87,4/17/2023,London
1820,993647,Product A,815.05,4/17/2023,Paris
5813,860413,Product C,476.07,4/17/2023,London
9564,155642,Product B,35.02,4/17/2023,New York
3308,745270,Product D,60.1,4/17/2023,Tokyo
3103,628597,Product C,393.53,4/17/2023,Tokyo
6096,703766,Product C,582.9,4/17/2023,Tokyo
2809,145903,Product A,527.97,4/17/2023,London
5476,519453,Product D,801.35,4/18/2023,Tokyo
8490,430984,Product D,701.26,4/18/2023,New York
8195,833723,Product C,474.01,4/18/2023,Tokyo
9418,392670,Product D,383.43,4/18/2023,Paris
4279,574001,Product A,144.37,4/18/2023,London
8414,102303,Product B,106.46,4/18/2023,Paris
2029,725726,Product D,838.32,4/18/2023,New York
4568,440277,Product D,243.61,4/18/2023,New York
9369,912764,Product C,576.99,4/18/2023,Paris
6169,300845,Product B,745.45,4/18/2023,London
9561,786341,Product D,524.56,4/18/2023,London
3858,238205,Product A,664.45,4/18/2023,New York
2494,189450,Product C,709.16,4/18/2023,Tokyo
4990,171942,Product B,789.11,4/19/2023,London
3392,829884,Product D,47.92,4/19/2023,London
2911,419149,Product A,54.89,4/19/2023,Tokyo
2749,735022,Product C,192.9,4/19/2023,London
7971,187889,Product B,261.97,4/19/2023,Paris
6447,953025,Product C,53.89,4/19/2023,London
7484,579434,Product C,674.97,4/19/2023,Paris
7421,424620,Product A,599.09,4/19/2023,Tokyo
4157,816308,Product A,52.25,4/19/2023,Tokyo
5450,354235,Product B,118.13,4/19/2023,New York
9835,224395,Product C,657,4/19/2023,London
1924,345536,Product C,508.86,4/19/2023,Paris
1706,241268,Product B,577.75,4/19/2023,New York
8429,691303,Product D,518.12,4/19/2023,New York
3878,624563,Product B,386.41,4/19/2023,Paris
9488,438334,Product B,311.08,4/20/2023,London
9129,349556,Product A,337.86,4/20/2023,Paris
1601,447195,Product C,855.29,4/20/2023,New York
1317,294969,Product A,59.14,4/20/2023,New York
3485,189318,Product C,813.03,4/20/2023,London
1510,136489,Product D,850.18,4/20/2023,London
2009,189870,Product A,754.71,4/20/2023,Paris
4695,788842,Product D,348.37,4/20/2023,London
8017,923824,Product B,14.78,4/21/2023,London
8871,254954,Product D,528.99,4/21/2023,London
6293,880900,Product A,632.87,4/21/2023,New York
5994,753453,Product D,987.78,4/21/2023,London
8269,148225,Product A,697.06,4/21/2023,Paris
8123,624902,Product C,459.19,4/21/2023,London
7981,568849,Product C,692.87,4/21/2023,New York
4695,409234,Product A,456.77,4/21/2023,New York
8310,871667,Product B,187.35,4/21/2023,Tokyo
9276,196411,Product D,421.77,4/21/2023,Paris
9537,245584,Product B,688.46,4/21/2023,Paris
9267,493417,Product A,131.93,4/21/2023,Paris
6234,961574,Product A,639.82,4/21/2023,Paris
2481,966529,Product C,809.52,4/21/2023,New York
6770,292988,Product D,148.56,4/21/2023,New York
6816,690579,Product A,650.53,4/21/2023,Tokyo
3131,105919,Product C,588.15,4/21/2023,Paris
3527,856215,Product B,189.04,4/21/2023,Tokyo
5371,501124,Product A,789.5,4/21/2023,New York
7043,915573,Product A,609.83,4/21/2023,London
4450,166891,Product A,403.08,4/21/2023,Tokyo
7151,454366,Product A,734.67,4/21/2023,Tokyo
2296,432270,Product C,350.19,4/21/2023,Paris
2234,586490,Product D,951.78,4/22/2023,Tokyo
2083,747033,Product D,927.83,4/22/2023,Tokyo
4022,514798,Product D,644.07,4/22/2023,New York
2577,921945,Product A,481.11,4/22/2023,New York
4585,152657,Product D,806.07,4/22/2023,London
5557,765620,Product D,996.98,4/22/2023,Tokyo
2121,767830,Product A,145.26,4/22/2023,Tokyo
8178,741055,Product C,615.21,4/22/2023,New York
4164,967161,Product D,614.84,4/22/2023,Tokyo
9821,472358,Product C,979.58,4/22/2023,Paris
8135,745830,Product C,736.46,4/22/2023,Tokyo
5254,382495,Product B,553.08,4/22/2023,Tokyo
9796,579776,Product B,372.14,4/22/2023,New York
3877,656639,Product C,140.84,4/23/2023,Paris
9571,409698,Product D,364.34,4/23/2023,London
4755,263573,Product C,836.59,4/23/2023,New York
5470,270387,Product C,810.73,4/23/2023,Tokyo
3846,977633,Product B,876.43,4/23/2023,New York
4054,687923,Product D,505.64,4/23/2023,New York
3363,624369,Product D,606.44,4/23/2023,New York
5105,231250,Product C,638.71,4/23/2023,Paris
2462,876936,Product D,447.3,4/23/2023,Tokyo
5051,350132,Product B,840.84,4/23/2023,London
9824,862760,Product A,270.6,4/23/2023,New York
7669,471507,Product D,103.38,4/23/2023,Tokyo
2702,777968,Product D,542.38,4/24/2023,New York
5861,884309,Product A,969.02,4/24/2023,Paris
6633,268772,Product B,418.53,4/24/2023,London
9595,214611,Product A,698.87,4/24/2023,New York
4943,568127,Product A,76.62,4/24/2023,New York
1149,163386,Product C,510.68,4/24/2023,Tokyo
8848,123536,Product D,594.88,4/24/2023,London
4291,819964,Product C,627.93,4/24/2023,Paris
4882,845279,Product C,812.6,4/24/2023,Tokyo
8311,827691,Product C,996.4,4/24/2023,Tokyo
6617,629959,Product C,690.62,4/24/2023,Tokyo
1256,180674,Product D,591.17,4/24/2023,Paris
5809,688602,Product D,950.81,4/24/2023,New York
5272,350280,Product C,673.03,4/24/2023,Paris
6820,738720,Product A,673.47,4/24/2023,London
8609,427766,Product B,346.79,4/24/2023,Paris
6363,898207,Product C,460.15,4/24/2023,Tokyo
2072,818699,Product B,673.63,4/24/2023,Tokyo
4944,152995,Product A,587.51,4/24/2023,Paris
8355,947903,Product C,538.67,4/25/2023,Tokyo
3938,520400,Product A,806.29,4/25/2023,New York
5076,427252,Product C,696.59,4/25/2023,London
7870,855276,Product D,328.58,4/25/2023,Paris
6085,125611,Product B,808.5,4/25/2023,New York
5920,122755,Product C,222.67,4/25/2023,Paris
1391,451291,Product A,546.13,4/25/2023,New York
9700,205065,Product A,641.57,4/25/2023,Tokyo
1744,108060,Product A,401.31,4/25/2023,London
4166,382967,Product A,41.91,4/25/2023,Tokyo
6068,564687,Product C,254.92,4/25/2023,London
9922,966785,Product C,651.16,4/25/2023,London
8711,466643,Product D,207.58,4/25/2023,Paris
9841,422823,Product D,806.66,4/25/2023,Paris
4728,517821,Product B,33.43,4/25/2023,Paris
5853,114835,Product C,367.27,4/25/2023,London
4804,183336,Product C,690.5,4/25/2023,Tokyo
1920,652021,Product A,605.65,4/25/2023,Tokyo
2527,583863,Product A,992.33,4/25/2023,New York
8579,564656,Product A,875.74,4/26/2023,New York
1651,449773,Product C,923.05,4/26/2023,Tokyo
2847,653948,Product A,504.59,4/26/2023,New York
6228,571435,Product C,471.81,4/26/2023,London
3275,478427,Product A,792.47,4/26/2023,Paris
2982,122056,Product C,232.45,4/26/2023,London
6416,215795,Product A,12.71,4/26/2023,Tokyo
3287,883300,Product C,747.54,4/26/2023,Tokyo
2101,479742,Product C,780.73,4/26/2023,Tokyo
4150,335790,Product C,286.22,4/26/2023,Paris
9084,575779,Product D,224.71,4/26/2023,Tokyo
7363,778120,Product C,262.45,4/26/2023,New York
2747,702733,Product C,387.55,4/26/2023,Paris
3573,264136,Product A,182.08,4/26/2023,New York
6253,792282,Product B,308.75,4/26/2023,London
4762,389039,Product B,466.02,4/26/2023,London
9680,249289,Product A,425.62,4/26/2023,Paris
3174,968726,Product C,154.78,4/26/2023,London
9589,914504,Product C,249.89,4/26/2023,Tokyo
1500,286209,Product D,378.74,4/26/2023,Tokyo
4817,698199,Product A,812.96,4/27/2023,Tokyo
2752,226611,Product B,614.74,4/27/2023,Tokyo
5915,517754,Product A,566.52,4/27/2023,New York
6742,150486,Product A,789.15,4/27/2023,Tokyo
6221,458411,Product A,952.15,4/27/2023,London
1731,337232,Product C,445.34,4/27/2023,Paris
3695,945664,Product D,914.91,4/27/2023,Paris
1228,486490,Product D,541.21,4/27/2023,Paris
9465,641455,Product B,382.57,4/27/2023,Tokyo
2702,786641,Product A,621.92,4/27/2023,Tokyo
9625,933551,Product C,817.06,4/27/2023,Tokyo
9669,813328,Product A,971.37,4/27/2023,New York
8368,560398,Product A,355.09,4/27/2023,New York
6053,588640,Product D,366.05,4/27/2023,New York
7322,125905,Product C,544.83,4/27/2023,Paris
4614,641704,Product B,88.42,4/27/2023,Paris
9288,172132,Product C,141.13,4/27/2023,London
7753,100096,Product A,164.16,4/27/2023,London
5843,507135,Product D,907.84,4/27/2023,New York
8925,911801,Product C,988.62,4/27/2023,Tokyo
9849,349087,Product C,663.99,4/27/2023,New York
1265,409531,Product D,557.78,4/27/2023,London
3705,322086,Product D,532.4,4/27/2023,London
2419,886931,Product B,882.81,4/28/2023,Tokyo
9374,156778,Product B,403.9,4/28/2023,Tokyo
8418,296911,Product D,703.47,4/28/2023,Paris
9105,454161,Product C,329.64,4/28/2023,London
8933,205409,Product C,727.34,4/28/2023,London
8790,817675,Product A,56.1,4/28/2023,Paris
6574,207175,Product C,163.92,4/28/2023,New York
5622,862427,Product D,133.79,4/28/2023,New York
2336,609253,Product D,448.68,4/28/2023,Tokyo
5059,680278,Product B,648.17,4/28/2023,Paris
7363,726121,Product C,188.02,4/28/2023,London
7785,461939,Product A,223.41,4/28/2023,Tokyo
2344,875584,Product B,162.68,4/28/2023,Tokyo
8145,812591,Product B,841.71,4/28/2023,Paris
5933,275329,Product A,498.19,4/28/2023,Tokyo
4275,400538,Product B,752.68,4/28/2023,Paris
4371,705393,Product A,754.8,4/28/2023,New York
1046,236306,Product B,859.82,4/28/2023,Paris
7054,741390,Product C,166.17,4/29/2023,New York
7921,823468,Product A,617,4/29/2023,London
6634,821179,Product A,474.51,4/29/2023,Tokyo
4131,787584,Product A,363.4,4/29/2023,Paris
4879,939717,Product C,268.38,4/29/2023,Tokyo
2389,197923,Product C,520.3,4/29/2023,London
2417,499941,Product D,767.62,4/29/2023,Tokyo
9941,412534,Product B,960.53,4/29/2023,Paris
3399,463188,Product A,51.65,4/29/2023,Tokyo
8362,576136,Product C,821.22,4/29/2023,New York
1842,208633,Product C,604.41,4/29/2023,London
1519,903028,Product B,414.78,4/29/2023,Tokyo
2816,652530,Product D,681.44,4/29/2023,Paris
4792,174637,Product D,709.89,4/29/2023,London
7418,618927,Product B,649.71,4/29/2023,Tokyo
6617,244892,Product B,458.32,4/29/2023,Tokyo
1984,155663,Product C,208.69,4/29/2023,Tokyo
9747,947568,Product D,878.7,4/29/2023,New York
1919,252640,Product D,364.88,4/29/2023,London
9022,982885,Product C,148.89,4/29/2023,Tokyo
5067,179721,Product C,102.08,4/29/2023,London
1645,707727,Product A,790.72,4/30/2023,Paris
4700,785491,Product A,687.2,4/30/2023,New York
3219,448354,Product D,16.7,4/30/2023,Tokyo
1749,863187,Product D,948.98,4/30/2023,Paris
1886,666157,Product C,529.14,4/30/2023,London
7199,233534,Product C,736.66,4/30/2023,London
8625,823821,Product C,168.12,4/30/2023,New York
6707,646428,Product B,349.64,4/30/2023,Tokyo
2075,242239,Product D,712.47,4/30/2023,New York
5438,856321,Product A,258.89,4/30/2023,London
4986,596249,Product C,667.32,4/30/2023,Paris
1372,657772,Product D,468.37,4/30/2023,Tokyo
7885,489438,Product D,787.87,4/30/2023,Tokyo
7775,756401,Product B,282.4,4/30/2023,Tokyo
8803,626491,Product A,88.17,4/30/2023,London
9393,846454,Product C,844.64,4/30/2023,London
8816,936726,Product D,19.04,4/30/2023,Paris
9680,244037,Product B,418.98,4/30/2023,London
4893,540218,Product B,130.63,4/30/2023,Tokyo
2077,651231,Product D,404.18,4/30/2023,Tokyo
1901,225245,Product B,669.42,4/30/2023,New York
8807,291663,Product C,360,5/1/2023,London
5903,960109,Product D,374.88,5/1/2023,New York
5742,883301,Product D,128.78,5/1/2023,Tokyo
3695,221886,Product D,855.94,5/1/2023,London
1341,972442,Product D,180.15,5/1/2023,Paris
8822,373453,Product A,936.47,5/1/2023,Tokyo
9442,293757,Product A,95.87,5/1/2023,London
1715,504832,Product D,747.26,5/1/2023,London
5706,906066,Product A,292.56,5/1/2023,New York
2557,492483,Product C,432.5,5/1/2023,London
8324,881439,Product D,127.52,5/1/2023,New York
4154,275526,Product A,518.76,5/1/2023,New York
4812,944654,Product C,981.86,5/1/2023,Tokyo
6502,245095,Product A,894.1,5/1/2023,London
8094,660814,Product A,26.72,5/1/2023,New York
3194,222629,Product C,126.68,5/1/2023,London
9788,425236,Product A,396.82,5/1/2023,Tokyo
7521,218959,Product B,653.07,5/1/2023,New York
6345,178315,Product B,458.23,5/1/2023,London
8225,824042,Product D,424.59,5/1/2023,London
4912,299092,Product D,723.79,5/1/2023,Tokyo
3463,466813,Product B,90.69,5/2/2023,Paris
2655,265154,Product B,308.75,5/2/2023,Tokyo
7798,960408,Product C,934.91,5/2/2023,New York
1225,419939,Product A,696.86,5/2/2023,Tokyo
9785,373903,Product A,939.84,5/2/2023,London
5342,781403,Product D,627.03,5/2/2023,New York
7678,165290,Product D,547.19,5/2/2023,London
3793,752011,Product D,363.95,5/2/2023,Paris
7334,825686,Product D,973.99,5/2/2023,Tokyo
1011,945619,Product B,918.72,5/2/2023,London
4111,819656,Product B,729.28,5/2/2023,Tokyo
4630,635280,Product A,781.33,5/2/2023,New York
1480,649300,Product C,809.04,5/2/2023,New York
4214,623555,Product B,237.72,5/2/2023,Paris
9268,469438,Product D,660.96,5/2/2023,Paris
3623,343118,Product D,564.25,5/2/2023,Tokyo
1331,426053,Product C,819.21,5/2/2023,Paris
8432,856648,Product C,165.84,5/2/2023,Paris
3634,402218,Product D,417.53,5/2/2023,Tokyo
1519,158760,Product B,89.42,5/2/2023,Paris
7209,290672,Product C,38.41,5/2/2023,Tokyo
8216,364742,Product A,192.52,5/2/2023,Tokyo
6478,536754,Product D,880.99,5/3/2023,New York
7363,284654,Product B,935.85,5/3/2023,London
6703,337288,Product C,963.65,5/3/2023,London
7291,929504,Product C,963.62,5/3/2023,London
4475,393243,Product C,799.85,5/3/2023,Paris
6730,885342,Product C,171.88,5/3/2023,New York
8210,531709,Product B,725.21,5/3/2023,Tokyo
2468,503951,Product C,558.68,5/3/2023,New York
9674,267378,Product B,769.17,5/3/2023,New York
6420,204904,Product B,136.93,5/3/2023,Paris
1920,584172,Product C,512.26,5/3/2023,Tokyo
9950,739711,Product C,679.11,5/3/2023,Tokyo
7204,969067,Product A,550.56,5/3/2023,Tokyo
8542,484914,Product C,164.55,5/3/2023,London
8895,255875,Product D,667.07,5/3/2023,New York
4029,295646,Product C,886.64,5/4/2023,Tokyo
7437,720995,Product B,122.75,5/4/2023,London
6188,423241,Product A,115.49,5/4/2023,Tokyo
2294,692447,Product D,959.7,5/4/2023,London
7543,634277,Product B,227.13,5/4/2023,Tokyo
7563,710610,Product A,689.42,5/4/2023,Paris
7939,461260,Product C,354.82,5/4/2023,New York
2337,203896,Product C,232.29,5/4/2023,Paris
4178,584106,Product D,681.52,5/4/2023,Paris
9368,485548,Product B,64.88,5/4/2023,London
9576,509420,Product A,77,5/4/2023,Tokyo
3735,868538,Product C,135.66,5/4/2023,New York
6584,985331,Product B,827.06,5/4/2023,Tokyo
3435,240384,Product C,398.57,5/4/2023,Tokyo
5331,643042,Product B,241.68,5/4/2023,Paris
3578,793223,Product A,606,5/4/2023,London
2522,219361,Product B,816.81,5/4/2023,Tokyo
7606,697983,Product A,54.79,5/4/2023,London
7453,684929,Product C,796.95,5/4/2023,Paris
1590,265092,Product A,246.86,5/4/2023,New York
9331,289019,Product C,28.05,5/4/2023,London
3504,728038,Product A,764.89,5/4/2023,Paris
6050,475190,Product A,899.99,5/4/2023,London
6621,320759,Product D,192.07,5/4/2023,Tokyo
5833,240057,Product B,618.48,5/4/2023,Tokyo
5488,766275,Product D,825.27,5/4/2023,New York
7099,572623,Product C,855.78,5/4/2023,London
3697,378085,Product D,12.13,5/5/2023,Tokyo
9307,571579,Product A,468.08,5/5/2023,London
2425,998235,Product C,560.8,5/5/2023,Paris
4788,167348,Product B,697.01,5/5/2023,Tokyo
3369,173201,Product B,198.7,5/5/2023,Paris
7251,678944,Product C,422.4,5/5/2023,New York
4751,208214,Product A,98.44,5/5/2023,Paris
6963,999138,Product B,921.02,5/5/2023,New York
9289,749838,Product A,736.32,5/5/2023,Paris
7883,998348,Product A,905.79,5/5/2023,Tokyo
9899,958130,Product D,896.8,5/5/2023,Paris
2654,270555,Product C,285.19,5/5/2023,Paris
8254,894268,Product B,567.54,5/5/2023,Paris
4765,117367,Product A,391.61,5/5/2023,London
5634,811875,Product C,414.68,5/5/2023,New York
2682,275133,Product C,508.3,5/5/2023,New York
9609,581992,Product B,320.62,5/5/2023,Paris
8821,866151,Product B,14.62,5/5/2023,Paris
5583,773870,Product B,145.86,5/5/2023,London
6168,694731,Product B,275.06,5/6/2023,Paris
9328,268546,Product A,788.22,5/6/2023,Tokyo
8161,968668,Product D,257.4,5/6/2023,Tokyo
1992,989227,Product A,283.12,5/6/2023,Tokyo
2180,557409,Product A,863.15,5/6/2023,New York
6828,372804,Product C,518.33,5/6/2023,London
6658,639995,Product C,139.46,5/6/2023,New York
1813,261050,Product D,576.05,5/6/2023,New York
9802,975373,Product B,533.55,5/6/2023,New York
9444,365618,Product D,989.23,5/6/2023,New York
6344,301158,Product B,700.24,5/6/2023,Tokyo
1993,360735,Product A,730.93,5/6/2023,London
2681,966028,Product A,418.22,5/6/2023,New York
8201,583757,Product C,885.55,5/6/2023,London
6107,559381,Product C,995.2,5/6/2023,Tokyo
5512,140666,Product D,152.41,5/6/2023,Tokyo
2531,158840,Product D,385.47,5/6/2023,New York
3662,722565,Product C,990.71,5/6/2023,Paris
9756,964915,Product D,225.65,5/6/2023,London
6172,834861,Product A,955.89,5/7/2023,Paris
9702,278240,Product B,570.27,5/7/2023,London
5521,478666,Product A,306.75,5/7/2023,Paris
2843,210766,Product A,158.15,5/7/2023,New York
9871,680493,Product B,971,5/7/2023,New York
7793,687638,Product C,55.04,5/7/2023,London
1104,171269,Product B,146.12,5/7/2023,London
9908,843596,Product A,265.23,5/7/2023,New York
6175,546768,Product B,368.65,5/7/2023,Paris
5933,753050,Product C,665.05,5/7/2023,London
3724,520521,Product B,490.78,5/7/2023,New York
9553,831531,Product A,376.67,5/7/2023,Tokyo
9173,163941,Product D,883.95,5/7/2023,New York
4743,518098,Product D,345.54,5/7/2023,Tokyo
5781,860053,Product A,393.92,5/7/2023,London
1715,565776,Product B,370.66,5/7/2023,Paris
6614,250181,Product D,987.32,5/7/2023,Paris
7821,292811,Product D,157.73,5/7/2023,Tokyo
1011,781571,Product B,210.3,5/8/2023,Paris
8616,437960,Product C,827.48,5/8/2023,London
5471,452457,Product D,490.79,5/8/2023,Tokyo
7286,681868,Product B,193.9,5/8/2023,London
3114,971776,Product A,507.84,5/8/2023,New York
5673,262316,Product D,699.63,5/8/2023,London
2761,862847,Product C,142.6,5/8/2023,Paris
2443,556839,Product B,846.04,5/8/2023,Tokyo
6967,753425,Product C,79.27,5/8/2023,Paris
3502,570988,Product C,970.83,5/8/2023,London
1507,736818,Product B,943.02,5/8/2023,Tokyo
5511,581294,Product C,896.53,5/8/2023,Paris
5970,259338,Product C,748.15,5/9/2023,London
9535,995706,Product B,419.85,5/9/2023,New York
5469,971415,Product B,906.25,5/9/2023,Tokyo
8685,119927,Product A,619.19,5/9/2023,Paris
5819,296059,Product A,185.65,5/9/2023,London
5719,227324,Product D,882.04,5/9/2023,New York
7693,405407,Product D,692.48,5/9/2023,New York
4401,993892,Product C,315.22,5/9/2023,New York
6299,718990,Product D,34.66,5/9/2023,London
3693,226601,Product D,471.39,5/9/2023,Paris
4232,104666,Product D,596.28,5/9/2023,London
6399,415029,Product B,341.39,5/9/2023,Paris
8061,208310,Product D,561.42,5/9/2023,New York
6898,100205,Product D,453.02,5/9/2023,New York
4858,416613,Product C,756.22,5/9/2023,New York
5499,345884,Product C,86.71,5/9/2023,Paris
7146,522419,Product A,84.76,5/9/2023,Paris
9514,924758,Product A,917.99,5/10/2023,Tokyo
1200,669902,Product D,502.65,5/10/2023,New York
3906,137581,Product C,751.84,5/10/2023,New York
4575,712879,Product D,309.12,5/10/2023,New York
4974,910143,Product D,374.59,5/10/2023,London
8863,610626,Product C,450.9,5/10/2023,New York
2291,192295,Product D,449.75,5/10/2023,Tokyo
8399,357657,Product A,828.74,5/10/2023,Tokyo
5694,275715,Product B,635.4,5/10/2023,Paris
2551,227352,Product B,110.89,5/10/2023,New York
7557,823415,Product D,279.11,5/10/2023,Tokyo
1392,873291,Product A,629.21,5/10/2023,London
4532,851606,Product B,826.31,5/10/2023,Paris
2310,478458,Product A,803.01,5/10/2023,Tokyo
7046,710224,Product C,950.75,5/10/2023,New York
7408,461724,Product B,774.62,5/10/2023,New York
1601,438977,Product C,97.18,5/10/2023,New York
8372,234568,Product C,683.31,5/10/2023,London
2988,800005,Product D,142.01,5/10/2023,Paris
3509,536045,Product C,750.26,5/10/2023,Tokyo
7735,806073,Product A,865.2,5/10/2023,New York
4804,367729,Product D,641.53,5/10/2023,New York
9508,443897,Product B,157.45,5/10/2023,Paris
5150,477934,Product B,642.13,5/11/2023,New York
2494,436653,Product C,354.48,5/11/2023,New York
5949,411882,Product D,252.43,5/11/2023,Tokyo
3140,531262,Product A,921.19,5/11/2023,Tokyo
9824,577463,Product D,351.67,5/11/2023,Paris
5011,577538,Product A,615.16,5/11/2023,Tokyo
4290,434640,Product D,321.04,5/11/2023,Paris
3450,541996,Product B,807.61,5/11/2023,Tokyo
9991,828834,Product B,626.81,5/11/2023,New York
2118,935012,Product C,447.79,5/11/2023,Paris
2526,912510,Product A,662.8,5/11/2023,Tokyo
4555,417915,Product C,216.8,5/11/2023,New York
2041,638169,Product C,453.79,5/11/2023,New York
1504,243006,Product B,164.76,5/11/2023,Tokyo
2342,923002,Product C,845.33,5/11/2023,Tokyo
6706,434400,Product D,106.65,5/11/2023,New York
7358,141843,Product A,918.72,5/11/2023,Paris
9363,182216,Product D,777,5/12/2023,Tokyo
8715,195563,Product C,895.93,5/12/2023,Tokyo
3832,724145,Product A,827.45,5/12/2023,Paris
2741,915749,Product B,206.66,5/12/2023,Paris
4048,374492,Product A,522.57,5/12/2023,Paris
7434,758309,Product C,150.75,5/12/2023,Tokyo
3522,633590,Product C,933.33,5/12/2023,Paris
1108,273650,Product D,883.21,5/13/2023,London
7256,956572,Product B,532.19,5/13/2023,London
9210,626560,Product C,99.65,5/13/2023,New York
8405,862569,Product A,229.33,5/13/2023,Paris
5460,184349,Product D,544.58,5/13/2023,New York
4637,567432,Product B,749.38,5/13/2023,Paris
2263,257538,Product B,647.04,5/13/2023,London
7670,627611,Product A,115.4,5/13/2023,Paris
9693,468154,Product C,201.96,5/13/2023,London
1120,688730,Product C,999.44,5/13/2023,Paris
7723,989587,Product D,777.22,5/13/2023,New York
3196,846606,Product D,847.68,5/13/2023,Paris
4892,826596,Product C,786.46,5/13/2023,New York
7529,899049,Product B,440.15,5/13/2023,London
6354,152973,Product B,700.79,5/13/2023,Tokyo
6873,981473,Product B,307.19,5/13/2023,London
5254,236014,Product C,579.39,5/14/2023,Tokyo
3262,794395,Product C,215.27,5/14/2023,Tokyo
2633,857537,Product A,911.34,5/14/2023,London
2341,181896,Product C,452.28,5/14/2023,New York
6542,553873,Product A,527.87,5/14/2023,London
3150,136862,Product A,840.13,5/14/2023,Paris
8126,464032,Product C,643.39,5/14/2023,Tokyo
8199,481574,Product B,527.52,5/14/2023,Paris
1166,353080,Product A,948.58,5/14/2023,Tokyo
9901,992400,Product B,498.97,5/14/2023,Tokyo
9064,139807,Product D,315.96,5/15/2023,New York
7566,670053,Product D,511.55,5/15/2023,New York
6986,907788,Product D,686.11,5/15/2023,New York
6688,172306,Product C,434.09,5/15/2023,Paris
4683,693127,Product D,295.78,5/15/2023,Tokyo
4510,354801,Product D,140.99,5/15/2023,Tokyo
4116,292401,Product D,454.13,5/15/2023,Paris
8859,693128,Product C,783.62,5/15/2023,Paris
4804,283568,Product A,741.3,5/15/2023,Tokyo
7865,611945,Product B,750.04,5/15/2023,London
2063,992717,Product C,546.75,5/16/2023,London
6439,851470,Product D,769.74,5/16/2023,Paris
3024,315477,Product B,260.21,5/16/2023,New York
1645,821634,Product B,501.39,5/16/2023,Tokyo
1643,299072,Product A,393.52,5/16/2023,Paris
6829,294760,Product D,941.73,5/16/2023,Tokyo
6939,628750,Product D,295.72,5/16/2023,Tokyo
4863,305587,Product D,437.9,5/16/2023,London
6714,401769,Product C,934.36,5/16/2023,New York
7653,400850,Product C,835.39,5/16/2023,London
8879,783932,Product D,206.13,5/16/2023,London
9004,777278,Product D,760.58,5/16/2023,Tokyo
2940,913373,Product B,766.8,5/16/2023,Tokyo
9376,198867,Product B,574.96,5/16/2023,New York
1182,229221,Product B,876.02,5/16/2023,New York
1944,684357,Product D,418.55,5/16/2023,London
1082,419491,Product A,600.69,5/17/2023,London
3762,923353,Product D,766.84,5/17/2023,New York
9918,483041,Product D,182.11,5/17/2023,New York
5888,398384,Product C,606.76,5/17/2023,Tokyo
1517,300051,Product A,948.72,5/17/2023,New York
9443,405420,Product B,249.52,5/17/2023,Tokyo
3148,855829,Product A,689.15,5/17/2023,Paris
8796,375311,Product D,747.86,5/17/2023,New York
1972,725850,Product C,357.31,5/17/2023,London
4943,902903,Product D,550.17,5/17/2023,Paris
9044,494322,Product C,784.15,5/17/2023,Paris
9897,991737,Product B,661.53,5/17/2023,Paris
3661,809922,Product D,248.07,5/17/2023,Paris
7170,367865,Product A,906.98,5/18/2023,London
7431,986589,Product C,123.09,5/18/2023,Tokyo
7455,188025,Product A,568.75,5/18/2023,Tokyo
7049,233636,Product D,557,5/18/2023,New York
5033,539589,Product A,598.57,5/18/2023,Paris
7824,725905,Product A,314.6,5/18/2023,Tokyo
3420,911982,Product B,707.65,5/18/2023,New York
1273,326222,Product C,76.86,5/18/2023,New York
6661,823846,Product D,306.16,5/18/2023,Paris
9108,399628,Product D,883.52,5/19/2023,New York
8359,278852,Product D,992.85,5/19/2023,London
5660,416503,Product B,26.14,5/19/2023,New York
6277,388375,Product B,156.85,5/19/2023,Paris
4616,318877,Product A,720.67,5/19/2023,Tokyo
7916,724834,Product D,72.89,5/19/2023,Tokyo
1530,488984,Product D,161.9,5/19/2023,Paris
7859,386886,Product B,916.75,5/19/2023,Tokyo
7240,630108,Product D,535.25,5/19/2023,Tokyo
4770,767542,Product B,803.91,5/19/2023,London
7730,753484,Product B,151.29,5/19/2023,Paris
8149,503906,Product A,984.39,5/19/2023,London
3837,364650,Product B,802.86,5/19/2023,Paris
1430,130359,Product C,929.79,5/19/2023,London
5382,566509,Product C,648.2,5/19/2023,Paris
1685,855185,Product D,737.98,5/19/2023,Paris
3983,770718,Product B,325.03,5/19/2023,New York
6267,164879,Product B,480.87,5/19/2023,Tokyo
3120,522988,Product D,439.37,5/20/2023,Tokyo
3719,953047,Product B,147.84,5/20/2023,London
9383,677079,Product D,950.26,5/20/2023,Tokyo
7457,645940,Product A,939.75,5/20/2023,New York
6776,770532,Product C,998.17,5/20/2023,New York
8251,970914,Product D,816.86,5/20/2023,Tokyo
9615,151470,Product C,704.3,5/20/2023,Paris
3525,772036,Product D,290.3,5/20/2023,Paris
1567,778720,Product B,622.98,5/20/2023,Paris
1025,296412,Product D,359.29,5/20/2023,New York
2293,621841,Product B,872.13,5/20/2023,London
4617,220190,Product B,836.4,5/20/2023,London
7825,757629,Product D,642.6,5/20/2023,Paris
9761,794125,Product A,58.1,5/20/2023,New York
1713,365971,Product C,393.01,5/21/2023,New York
6822,951331,Product C,309.3,5/21/2023,New York
6934,841666,Product D,892.66,5/21/2023,London
7911,990136,Product D,616.19,5/21/2023,New York
2035,780776,Product C,825.62,5/21/2023,Tokyo
3871,311505,Product A,499.42,5/21/2023,Paris
1185,366776,Product C,209.18,5/21/2023,New York
3280,790658,Product C,309.8,5/21/2023,London
6134,386814,Product D,67.43,5/21/2023,London
5285,165142,Product B,365.96,5/22/2023,New York
7666,600641,Product D,935.68,5/22/2023,London
5350,856442,Product B,785.07,5/22/2023,New York
7797,745558,Product D,108.03,5/22/2023,Tokyo
9266,841995,Product B,180.83,5/22/2023,Tokyo
6499,334176,Product C,98.41,5/22/2023,Paris
4387,244818,Product B,147.19,5/22/2023,Paris
1190,993251,Product D,935.03,5/22/2023,Tokyo
7275,139285,Product D,490.73,5/22/2023,London
1828,197793,Product A,999.29,5/22/2023,London
3879,966589,Product C,610.56,5/22/2023,London
7909,218548,Product B,887.26,5/22/2023,London
3417,916232,Product A,690.75,5/22/2023,Tokyo
4483,249811,Product D,504.24,5/22/2023,Paris
4626,382154,Product B,232.86,5/22/2023,Tokyo
8504,602248,Product A,964.39,5/22/2023,Tokyo
5664,532961,Product C,745.5,5/22/2023,London
5192,376955,Product C,238.85,5/22/2023,Tokyo
8982,334081,Product C,324.11,5/22/2023,London
8758,587623,Product B,123.25,5/23/2023,Paris
2229,638009,Product C,641.14,5/23/2023,London
8493,623059,Product B,593.42,5/23/2023,New York
5762,307007,Product A,76.69,5/23/2023,Tokyo
7078,715870,Product D,949.89,5/23/2023,London
3535,467121,Product A,487.37,5/23/2023,Paris
6400,797660,Product C,131.01,5/23/2023,Tokyo
5088,750810,Product D,111.77,5/23/2023,London
9621,685549,Product B,256.28,5/23/2023,Tokyo
3804,983456,Product C,628.23,5/23/2023,New York
5060,901164,Product A,248.74,5/23/2023,London
9538,508024,Product D,982.29,5/23/2023,Paris
2501,153035,Product A,219.98,5/23/2023,Paris
2879,773462,Product B,352.55,5/23/2023,London
5298,725969,Product C,864.01,5/23/2023,Tokyo
1653,934883,Product D,886.8,5/24/2023,New York
4750,901909,Product A,837.6,5/24/2023,Paris
8575,515182,Product A,808.85,5/24/2023,Paris
5890,452618,Product A,117.02,5/24/2023,Paris
1193,441244,Product A,218.64,5/24/2023,Paris
2791,641058,Product B,802.05,5/24/2023,London
6236,787237,Product A,148.53,5/24/2023,Tokyo
8517,605382,Product A,466.11,5/24/2023,New York
2679,719176,Product A,743.26,5/24/2023,Tokyo
7984,177060,Product D,116.88,5/24/2023,New York
5106,758765,Product B,758.02,5/24/2023,New York
7179,176319,Product A,608.92,5/24/2023,London
9510,829386,Product A,450.62,5/24/2023,Paris
4598,340174,Product A,331.04,5/24/2023,New York
6298,217996,Product A,924.9,5/24/2023,Tokyo
7211,745414,Product B,750.65,5/24/2023,Paris
8244,932291,Product D,221.56,5/24/2023,London
7116,538555,Product D,149.94,5/25/2023,London
6644,172371,Product A,73.12,5/25/2023,Tokyo
5477,468074,Product C,764.79,5/25/2023,New York
2999,652654,Product C,860.81,5/25/2023,Tokyo
6431,381631,Product D,245.2,5/25/2023,Paris
6890,214682,Product A,896.55,5/25/2023,London
3521,231939,Product A,540.99,5/25/2023,Tokyo
2669,934904,Product A,774.76,5/25/2023,New York
7939,390946,Product B,408.25,5/25/2023,New York
9892,670027,Product B,495.19,5/25/2023,Paris
4090,344907,Product D,246.42,5/25/2023,Tokyo
3248,463546,Product D,21.24,5/25/2023,Paris
6008,946934,Product C,588.33,5/25/2023,Paris
2195,535810,Product D,69.31,5/25/2023,Tokyo
4974,515898,Product B,608.36,5/25/2023,London
8612,950916,Product B,483.75,5/25/2023,London
4920,679077,Product A,166.79,5/26/2023,Tokyo
7626,220768,Product C,643.74,5/26/2023,Tokyo
6582,162448,Product C,185.69,5/26/2023,New York
2691,975427,Product C,968.76,5/26/2023,Paris
5215,929179,Product C,194.34,5/26/2023,Paris
4812,101657,Product B,297.58,5/26/2023,New York
9331,608205,Product C,108.61,5/26/2023,New York
2033,138780,Product D,778.43,5/26/2023,Paris
8640,261169,Product A,938.12,5/26/2023,Paris
7809,275377,Product D,841.49,5/26/2023,New York
4257,331148,Product D,653.39,5/26/2023,Tokyo
5735,432441,Product D,215.21,5/26/2023,Tokyo
3173,628370,Product B,653.59,5/26/2023,Paris
5308,620248,Product A,975.3,5/26/2023,Tokyo
6411,105433,Product B,477.68,5/26/2023,London
4185,519066,Product D,699.39,5/26/2023,London
6302,999695,Product C,299.71,5/26/2023,New York
6071,402808,Product D,770.94,5/27/2023,London
3747,725510,Product D,688.74,5/27/2023,New York
1711,496922,Product A,464.83,5/27/2023,New York
8924,547798,Product C,691.77,5/27/2023,Paris
9514,947228,Product D,635.54,5/27/2023,London
9751,497887,Product D,252.36,5/27/2023,Paris
6005,550081,Product B,702.45,5/27/2023,New York
2526,991401,Product C,972.43,5/27/2023,New York
2438,537605,Product B,388.39,5/27/2023,London
3041,799287,Product C,901.05,5/27/2023,Tokyo
9673,117975,Product C,281.99,5/27/2023,Tokyo
1612,182289,Product D,810.26,5/27/2023,New York
4562,931420,Product C,86.43,5/27/2023,Tokyo
8179,534130,Product B,425.46,5/27/2023,Tokyo
5040,580102,Product B,628.78,5/27/2023,New York
5634,255813,Product D,305.57,5/27/2023,Tokyo
6303,172222,Product B,473.71,5/27/2023,London
3048,880009,Product C,242.28,5/27/2023,New York
3384,534152,Product C,39.19,5/27/2023,Tokyo
2658,298663,Product D,238.71,5/27/2023,London
4675,869735,Product B,985.03,5/27/2023,New York
4727,897305,Product A,99.48,5/28/2023,New York
9175,378297,Product B,207.67,5/28/2023,London
5923,382507,Product C,448.68,5/28/2023,Tokyo
8370,477808,Product C,341.31,5/28/2023,Paris
8078,127121,Product C,329.1,5/28/2023,New York
7971,836996,Product C,554.88,5/28/2023,Tokyo
5049,583220,Product B,994.59,5/28/2023,New York
1212,970300,Product D,258.83,5/28/2023,London
3607,371782,Product D,862.88,5/28/2023,London
4714,764678,Product A,656.25,5/28/2023,Tokyo
9689,979562,Product D,58.09,5/28/2023,Tokyo
3938,941204,Product D,925.24,5/28/2023,London
8511,629979,Product A,94.05,5/28/2023,London
3647,688153,Product D,447.42,5/28/2023,New York
5009,345722,Product D,53.79,5/28/2023,London
7445,817552,Product C,165.44,5/28/2023,Paris
4646,894586,Product B,674.63,5/28/2023,London
5201,968170,Product B,484.29,5/28/2023,Paris
2753,395442,Product C,557.69,5/28/2023,London
2582,683397,Product B,741.41,5/28/2023,New York
1049,147489,Product A,225.72,5/28/2023,Tokyo
6885,120053,Product D,196.54,5/29/2023,London
2489,260265,Product A,56.65,5/29/2023,London
7288,625119,Product A,742.35,5/29/2023,Paris
6896,191537,Product B,277.07,5/29/2023,London
9954,106687,Product B,798.01,5/29/2023,Tokyo
2036,834928,Product A,748.49,5/29/2023,New York
8242,675898,Product C,61.1,5/29/2023,London
1659,644173,Product D,758.71,5/29/2023,Tokyo
4110,622987,Product D,167.75,5/29/2023,Paris
5216,583214,Product D,823.38,5/29/2023,London
2133,234628,Product B,537.38,5/29/2023,Tokyo
7025,913848,Product B,592.5,5/29/2023,London
3555,217830,Product A,731.2,5/29/2023,New York
5558,364525,Product D,951.69,5/29/2023,New York
3221,390794,Product A,787.83,5/29/2023,London
2890,711116,Product D,358.72,5/29/2023,Tokyo
9475,944554,Product A,247.9,5/29/2023,Tokyo
8273,655178,Product B,86.12,5/29/2023,Paris
8300,332873,Product A,599.18,5/29/2023,Tokyo
2765,909652,Product A,420.33,5/29/2023,Tokyo
9797,216970,Product C,274.16,5/29/2023,Paris
2882,946432,Product B,285.78,5/29/2023,Tokyo
8692,488712,Product B,841.33,5/29/2023,Paris
7511,287401,Product D,211.66,5/29/2023,Paris
1833,614379,Product C,933.06,5/30/2023,Paris
5520,525146,Product D,405.44,5/30/2023,London
2728,807256,Product C,642.24,5/30/2023,Tokyo
9328,825423,Product B,921.95,5/30/2023,London
6269,659572,Product D,290.23,5/30/2023,Paris
3230,262959,Product A,772.45,5/30/2023,New York
2404,847748,Product B,622.43,5/30/2023,New York
2124,890870,Product A,957.71,5/30/2023,New York
7084,624203,Product B,98.59,5/30/2023,New York
5179,339499,Product A,111.88,5/30/2023,New York
3945,512160,Product B,589.59,5/30/2023,Tokyo
1719,692960,Product C,179.18,5/30/2023,London
3954,761685,Product C,90,5/30/2023,London
5543,757193,Product D,779.9,5/30/2023,London
3742,515035,Product A,283.34,5/31/2023,London
6432,203396,Product A,436.15,5/31/2023,Paris
2194,292800,Product B,710.6,5/31/2023,New York
8317,205149,Product B,702.32,5/31/2023,London
8342,332360,Product C,27.07,5/31/2023,Tokyo
7046,654718,Product C,711.35,5/31/2023,New York
5334,545790,Product B,793.34,5/31/2023,New York
7932,726979,Product D,383.22,5/31/2023,Tokyo
9907,919898,Product D,29.33,5/31/2023,Paris
6869,116547,Product C,790.55,5/31/2023,London
1505,134283,Product C,763.45,5/31/2023,Paris
4788,297731,Product C,17.15,5/31/2023,Tokyo
5747,452497,Product B,400.38,5/31/2023,New York
8043,587575,Product C,584.18,5/31/2023,Tokyo
3852,227257,Product B,367.88,5/31/2023,London
8951,148174,Product A,350.3,5/31/2023,New York
7889,373216,Product C,887.98,5/31/2023,Paris
2624,550961,Product B,704.76,5/31/2023,Tokyo
6850,868544,Product B,76.88,5/31/2023,New York
8657,741674,Product B,983.18,6/1/2023,New York
1086,594580,Product B,100.18,6/1/2023,Tokyo
7793,604906,Product A,336.92,6/1/2023,Tokyo
6901,874415,Product D,680,6/1/2023,New York
6210,720298,Product C,740.72,6/1/2023,New York
5557,832052,Product B,870.61,6/1/2023,Tokyo
9426,145981,Product D,513.65,6/1/2023,Paris
6549,247594,Product A,124.02,6/1/2023,London
9806,898867,Product B,667.45,6/1/2023,London
2695,849014,Product C,900.14,6/1/2023,New York
9880,672892,Product D,759.22,6/2/2023,London
4308,435281,Product C,630.95,6/2/2023,New York
5582,234913,Product A,989.2,6/2/2023,New York
6876,878476,Product B,458.07,6/2/2023,Tokyo
6381,777406,Product A,136.52,6/2/2023,Tokyo
4538,911984,Product C,871,6/2/2023,London
2133,805668,Product D,849.31,6/2/2023,Tokyo
4196,529008,Product D,390.1,6/2/2023,Tokyo
5444,225200,Product C,87.11,6/2/2023,New York
7708,432427,Product B,579.15,6/2/2023,New York
2869,177680,Product D,74.69,6/2/2023,New York
7242,213609,Product C,642.16,6/2/2023,London
3826,744333,Product C,676.85,6/2/2023,New York
8780,806537,Product C,26.47,6/2/2023,New York
6781,931161,Product D,869.04,6/2/2023,Tokyo
7342,700534,Product D,527.36,6/2/2023,London
6818,674295,Product C,637.32,6/3/2023,Paris
5803,705397,Product C,632.35,6/3/2023,London
7807,355570,Product D,487.67,6/3/2023,Tokyo
3399,313910,Product C,71.41,6/3/2023,New York
4533,216587,Product D,158.02,6/3/2023,Paris
2010,237064,Product B,783.15,6/3/2023,London
3704,752483,Product B,472.72,6/3/2023,New York
8001,593687,Product C,554.97,6/3/2023,London
2153,644719,Product B,310.87,6/3/2023,New York
4522,195643,Product B,858.01,6/3/2023,London
7251,503489,Product B,22.49,6/3/2023,Tokyo
2011,700521,Product B,552.17,6/3/2023,London
7862,396439,Product A,899.64,6/3/2023,New York
8595,857750,Product A,649.64,6/3/2023,New York
9311,843167,Product D,514.62,6/3/2023,Paris
8484,994787,Product D,309.1,6/4/2023,Tokyo
1891,775990,Product D,753.53,6/4/2023,New York
8369,154040,Product B,377.37,6/4/2023,Paris
1439,315425,Product C,848.6,6/4/2023,London
5281,741603,Product C,540.74,6/4/2023,Paris
7164,208998,Product C,740.7,6/4/2023,London
6383,432043,Product D,677.61,6/4/2023,Tokyo
2556,110142,Product A,760.62,6/4/2023,London
6319,966286,Product D,378,6/4/2023,Paris
7511,194689,Product C,806.54,6/4/2023,Tokyo
9452,900185,Product A,133.43,6/4/2023,London
4868,670913,Product C,369.06,6/4/2023,Paris
1721,148215,Product B,864.3,6/4/2023,Tokyo
4014,244192,Product D,393.59,6/4/2023,London
9054,339030,Product A,699.22,6/4/2023,London
4948,944917,Product B,233.09,6/4/2023,Tokyo
8598,765213,Product A,126.6,6/4/2023,New York
1305,952117,Product A,512.11,6/4/2023,Tokyo
4913,893988,Product B,964.36,6/4/2023,London
3262,884140,Product A,865.19,6/4/2023,London
1207,210665,Product D,425.86,6/4/2023,Tokyo
4878,532322,Product B,170.88,6/5/2023,New York
9564,966662,Product D,910.25,6/5/2023,London
5564,468203,Product C,78.73,6/5/2023,Tokyo
6323,548324,Product B,462.97,6/5/2023,Tokyo
8620,443199,Product C,289.48,6/5/2023,New York
9462,640299,Product A,380.17,6/5/2023,London
3656,539963,Product A,153.16,6/5/2023,Paris
3972,172965,Product D,151.82,6/5/2023,London
5067,705748,Product C,903.29,6/5/2023,Paris
2975,600905,Product B,428.09,6/5/2023,New York
3604,197874,Product C,933.4,6/5/2023,Paris
1514,392004,Product B,337.12,6/5/2023,Tokyo
5687,530849,Product C,540.28,6/5/2023,Paris
6328,675191,Product C,481.39,6/5/2023,Tokyo
3267,489244,Product D,257.5,6/5/2023,New York
7717,178463,Product B,658.23,6/5/2023,Tokyo
6327,297509,Product C,284.12,6/5/2023,London
9622,491738,Product A,371.24,6/5/2023,Tokyo
1878,608149,Product A,365.45,6/5/2023,London
6295,258290,Product C,971.26,6/5/2023,Tokyo
3926,608947,Product A,40.96,6/5/2023,London
3223,372793,Product A,467.08,6/5/2023,Tokyo
7622,789606,Product A,519.45,6/5/2023,Tokyo
8105,459381,Product B,689.91,6/6/2023,Tokyo
8736,813763,Product A,202.6,6/6/2023,Tokyo
5221,681896,Product A,393.3,6/6/2023,Paris
2391,891083,Product B,62.08,6/6/2023,New York
1305,189913,Product C,722.35,6/6/2023,London
6517,726258,Product B,768.64,6/6/2023,Tokyo
5990,786393,Product B,513.25,6/6/2023,Tokyo
4624,447148,Product C,221.22,6/6/2023,Paris
7997,676680,Product B,113.06,6/6/2023,Tokyo
7022,911032,Product D,306.26,6/6/2023,London
1480,161437,Product C,812.58,6/7/2023,Tokyo
9066,614646,Product C,985.51,6/7/2023,London
8622,177449,Product B,294.76,6/7/2023,Tokyo
2143,572536,Product D,201.56,6/7/2023,Paris
2926,103704,Product B,140.26,6/7/2023,Paris
2562,340927,Product A,532.88,6/7/2023,London
1230,118786,Product B,328.99,6/7/2023,New York
5107,686179,Product D,49.09,6/7/2023,Paris
3203,923481,Product C,850.9,6/7/2023,Tokyo
5114,196781,Product A,909.08,6/7/2023,Tokyo
7135,493892,Product D,388.65,6/7/2023,New York
9582,788108,Product B,143.9,6/8/2023,London
4517,567676,Product C,195.28,6/8/2023,London
9317,982554,Product C,115.35,6/8/2023,London
1803,973294,Product D,610.34,6/8/2023,Paris
2964,743644,Product D,87.7,6/8/2023,New York
8532,703727,Product C,87.08,6/8/2023,Tokyo
4729,573039,Product D,266.06,6/8/2023,Tokyo
8381,420214,Product D,448.29,6/8/2023,New York
4485,669868,Product C,46.29,6/8/2023,Tokyo
6916,979727,Product D,323.31,6/9/2023,Tokyo
7296,846172,Product C,984.6,6/9/2023,New York
5905,377312,Product B,666.75,6/9/2023,New York
8450,373791,Product A,409.92,6/9/2023,London
6544,162678,Product A,969.96,6/9/2023,Paris
4470,883159,Product A,198.12,6/9/2023,Tokyo
7018,940064,Product C,799.32,6/9/2023,New York
6860,925115,Product C,507.81,6/9/2023,Paris
4052,139286,Product C,751.51,6/9/2023,New York
3880,926236,Product D,920.44,6/9/2023,Tokyo
6761,690462,Product B,571.97,6/10/2023,London
3213,719531,Product B,700.65,6/10/2023,Tokyo
2625,377501,Product B,765.11,6/10/2023,New York
6598,337547,Product B,768.49,6/10/2023,London
2502,466566,Product D,911.4,6/10/2023,New York
7498,720859,Product A,717.86,6/10/2023,London
3443,858711,Product A,99.18,6/10/2023,New York
1509,682959,Product D,410.35,6/10/2023,London
1960,536236,Product A,845.91,6/10/2023,Tokyo
6570,664032,Product C,125.84,6/10/2023,Paris
1029,992083,Product D,704.99,6/10/2023,New York
5938,901280,Product B,219.12,6/10/2023,Paris
1990,759104,Product C,791.4,6/10/2023,Tokyo
4982,972881,Product B,624.79,6/10/2023,Paris
2970,275284,Product B,759.62,6/10/2023,London
6669,987025,Product C,941.5,6/10/2023,New York
8836,512842,Product C,545.36,6/10/2023,London
1440,559753,Product B,729.94,6/10/2023,Paris
4759,467544,Product D,804.28,6/10/2023,New York
